{
  "train": {
    "loss": 0.00011222123168408871,
    "accuracy": 1.0,
    "f1": 1.0
  },
  "val": {
    "loss": 0.00012123796893450032,
    "accuracy": 1.0,
    "f1": 1.0
  }
}