{
  "train": {
    "loss": 7.012856207438744e-05,
    "accuracy": 1.0,
    "f1": 1.0
  },
  "val": {
    "loss": 5.850809351873717e-05,
    "accuracy": 1.0,
    "f1": 1.0
  }
}